Pass 1,45162,82317,92684,13579,59034,74310,63825,10984,39275,81652,78013,20938,57493,68425,94716,23564,18907,75491,32048,91835,49623,23017,81456,60584,70126,55849,38014,69713,80015,21639,47120,96304,31342,84069,23450,98312,16490,44783,38562,56823,62197,45710,91265,70213,83497,61435,74162,38510,49012,23984,72308,15902,69273,59813,73196,34129,96502,41235,80124,27963,56347,97013,36284,48920,35829,24571,63491,51092,91620,37049,49175,62983,78520,47210,87349,28763,79513,62739,58102,46590,53124,34197,59310,78124,32845,93871,40512,51730,20931,67420,82359,36948,24186,59841,47031,28417,83591,63420,29375,81246,
Pass 2,45162,82317,92684,13579,59034,74310,63825,10984,39275,81652,78013,20938,57493,68425,94716,23564,18907,75491,32048,91835,49623,23017,81456,60584,70126,55849,38014,69713,80015,21639,47120,96304,31342,84069,23450,98312,16490,44783,38562,56823,62197,45710,91265,70213,83497,61435,74162,38510,49012,23984,72308,15902,69273,59813,73196,34129,96502,41235,80124,27963,56347,97013,36284,48920,35829,24571,63491,51092,91620,37049,49175,62983,78520,47210,87349,28763,79513,62739,58102,46590,53124,34197,59310,78124,32845,93871,40512,51730,20931,67420,82359,36948,24186,59841,47031,28417,83591,63420,29375,81246,
Pass 3,13579,45162,82317,92684,59034,74310,63825,10984,39275,81652,78013,20938,57493,68425,94716,23564,18907,75491,32048,91835,49623,23017,81456,60584,70126,55849,38014,69713,80015,21639,47120,96304,31342,84069,23450,98312,16490,44783,38562,56823,62197,45710,91265,70213,83497,61435,74162,38510,49012,23984,72308,15902,69273,59813,73196,34129,96502,41235,80124,27963,56347,97013,36284,48920,35829,24571,63491,51092,91620,37049,49175,62983,78520,47210,87349,28763,79513,62739,58102,46590,53124,34197,59310,78124,32845,93871,40512,51730,20931,67420,82359,36948,24186,59841,47031,28417,83591,63420,29375,81246,
Pass 4,13579,45162,59034,82317,92684,74310,63825,10984,39275,81652,78013,20938,57493,68425,94716,23564,18907,75491,32048,91835,49623,23017,81456,60584,70126,55849,38014,69713,80015,21639,47120,96304,31342,84069,23450,98312,16490,44783,38562,56823,62197,45710,91265,70213,83497,61435,74162,38510,49012,23984,72308,15902,69273,59813,73196,34129,96502,41235,80124,27963,56347,97013,36284,48920,35829,24571,63491,51092,91620,37049,49175,62983,78520,47210,87349,28763,79513,62739,58102,46590,53124,34197,59310,78124,32845,93871,40512,51730,20931,67420,82359,36948,24186,59841,47031,28417,83591,63420,29375,81246,
Pass 5,13579,45162,59034,74310,82317,92684,63825,10984,39275,81652,78013,20938,57493,68425,94716,23564,18907,75491,32048,91835,49623,23017,81456,60584,70126,55849,38014,69713,80015,21639,47120,96304,31342,84069,23450,98312,16490,44783,38562,56823,62197,45710,91265,70213,83497,61435,74162,38510,49012,23984,72308,15902,69273,59813,73196,34129,96502,41235,80124,27963,56347,97013,36284,48920,35829,24571,63491,51092,91620,37049,49175,62983,78520,47210,87349,28763,79513,62739,58102,46590,53124,34197,59310,78124,32845,93871,40512,51730,20931,67420,82359,36948,24186,59841,47031,28417,83591,63420,29375,81246,
Pass 6,13579,45162,59034,63825,74310,82317,92684,10984,39275,81652,78013,20938,57493,68425,94716,23564,18907,75491,32048,91835,49623,23017,81456,60584,70126,55849,38014,69713,80015,21639,47120,96304,31342,84069,23450,98312,16490,44783,38562,56823,62197,45710,91265,70213,83497,61435,74162,38510,49012,23984,72308,15902,69273,59813,73196,34129,96502,41235,80124,27963,56347,97013,36284,48920,35829,24571,63491,51092,91620,37049,49175,62983,78520,47210,87349,28763,79513,62739,58102,46590,53124,34197,59310,78124,32845,93871,40512,51730,20931,67420,82359,36948,24186,59841,47031,28417,83591,63420,29375,81246,
Pass 7,10984,13579,45162,59034,63825,74310,82317,92684,39275,81652,78013,20938,57493,68425,94716,23564,18907,75491,32048,91835,49623,23017,81456,60584,70126,55849,38014,69713,80015,21639,47120,96304,31342,84069,23450,98312,16490,44783,38562,56823,62197,45710,91265,70213,83497,61435,74162,38510,49012,23984,72308,15902,69273,59813,73196,34129,96502,41235,80124,27963,56347,97013,36284,48920,35829,24571,63491,51092,91620,37049,49175,62983,78520,47210,87349,28763,79513,62739,58102,46590,53124,34197,59310,78124,32845,93871,40512,51730,20931,67420,82359,36948,24186,59841,47031,28417,83591,63420,29375,81246,
Pass 8,10984,13579,39275,45162,59034,63825,74310,82317,92684,81652,78013,20938,57493,68425,94716,23564,18907,75491,32048,91835,49623,23017,81456,60584,70126,55849,38014,69713,80015,21639,47120,96304,31342,84069,23450,98312,16490,44783,38562,56823,62197,45710,91265,70213,83497,61435,74162,38510,49012,23984,72308,15902,69273,59813,73196,34129,96502,41235,80124,27963,56347,97013,36284,48920,35829,24571,63491,51092,91620,37049,49175,62983,78520,47210,87349,28763,79513,62739,58102,46590,53124,34197,59310,78124,32845,93871,40512,51730,20931,67420,82359,36948,24186,59841,47031,28417,83591,63420,29375,81246,
Pass 9,10984,13579,39275,45162,59034,63825,74310,81652,82317,92684,78013,20938,57493,68425,94716,23564,18907,75491,32048,91835,49623,23017,81456,60584,70126,55849,38014,69713,80015,21639,47120,96304,31342,84069,23450,98312,16490,44783,38562,56823,62197,45710,91265,70213,83497,61435,74162,38510,49012,23984,72308,15902,69273,59813,73196,34129,96502,41235,80124,27963,56347,97013,36284,48920,35829,24571,63491,51092,91620,37049,49175,62983,78520,47210,87349,28763,79513,62739,58102,46590,53124,34197,59310,78124,32845,93871,40512,51730,20931,67420,82359,36948,24186,59841,47031,28417,83591,63420,29375,81246,
Pass 10,10984,13579,39275,45162,59034,63825,74310,78013,81652,82317,92684,20938,57493,68425,94716,23564,18907,75491,32048,91835,49623,23017,81456,60584,70126,55849,38014,69713,80015,21639,47120,96304,31342,84069,23450,98312,16490,44783,38562,56823,62197,45710,91265,70213,83497,61435,74162,38510,49012,23984,72308,15902,69273,59813,73196,34129,96502,41235,80124,27963,56347,97013,36284,48920,35829,24571,63491,51092,91620,37049,49175,62983,78520,47210,87349,28763,79513,62739,58102,46590,53124,34197,59310,78124,32845,93871,40512,51730,20931,67420,82359,36948,24186,59841,47031,28417,83591,63420,29375,81246,
Pass 11,10984,13579,20938,39275,45162,59034,63825,74310,78013,81652,82317,92684,57493,68425,94716,23564,18907,75491,32048,91835,49623,23017,81456,60584,70126,55849,38014,69713,80015,21639,47120,96304,31342,84069,23450,98312,16490,44783,38562,56823,62197,45710,91265,70213,83497,61435,74162,38510,49012,23984,72308,15902,69273,59813,73196,34129,96502,41235,80124,27963,56347,97013,36284,48920,35829,24571,63491,51092,91620,37049,49175,62983,78520,47210,87349,28763,79513,62739,58102,46590,53124,34197,59310,78124,32845,93871,40512,51730,20931,67420,82359,36948,24186,59841,47031,28417,83591,63420,29375,81246,
Pass 12,10984,13579,20938,39275,45162,57493,59034,63825,74310,78013,81652,82317,92684,68425,94716,23564,18907,75491,32048,91835,49623,23017,81456,60584,70126,55849,38014,69713,80015,21639,47120,96304,31342,84069,23450,98312,16490,44783,38562,56823,62197,45710,91265,70213,83497,61435,74162,38510,49012,23984,72308,15902,69273,59813,73196,34129,96502,41235,80124,27963,56347,97013,36284,48920,35829,24571,63491,51092,91620,37049,49175,62983,78520,47210,87349,28763,79513,62739,58102,46590,53124,34197,59310,78124,32845,93871,40512,51730,20931,67420,82359,36948,24186,59841,47031,28417,83591,63420,29375,81246,
Pass 13,10984,13579,20938,39275,45162,57493,59034,63825,68425,74310,78013,81652,82317,92684,94716,23564,18907,75491,32048,91835,49623,23017,81456,60584,70126,55849,38014,69713,80015,21639,47120,96304,31342,84069,23450,98312,16490,44783,38562,56823,62197,45710,91265,70213,83497,61435,74162,38510,49012,23984,72308,15902,69273,59813,73196,34129,96502,41235,80124,27963,56347,97013,36284,48920,35829,24571,63491,51092,91620,37049,49175,62983,78520,47210,87349,28763,79513,62739,58102,46590,53124,34197,59310,78124,32845,93871,40512,51730,20931,67420,82359,36948,24186,59841,47031,28417,83591,63420,29375,81246,
Pass 14,10984,13579,20938,39275,45162,57493,59034,63825,68425,74310,78013,81652,82317,92684,94716,23564,18907,75491,32048,91835,49623,23017,81456,60584,70126,55849,38014,69713,80015,21639,47120,96304,31342,84069,23450,98312,16490,44783,38562,56823,62197,45710,91265,70213,83497,61435,74162,38510,49012,23984,72308,15902,69273,59813,73196,34129,96502,41235,80124,27963,56347,97013,36284,48920,35829,24571,63491,51092,91620,37049,49175,62983,78520,47210,87349,28763,79513,62739,58102,46590,53124,34197,59310,78124,32845,93871,40512,51730,20931,67420,82359,36948,24186,59841,47031,28417,83591,63420,29375,81246,
Pass 15,10984,13579,20938,23564,39275,45162,57493,59034,63825,68425,74310,78013,81652,82317,92684,94716,18907,75491,32048,91835,49623,23017,81456,60584,70126,55849,38014,69713,80015,21639,47120,96304,31342,84069,23450,98312,16490,44783,38562,56823,62197,45710,91265,70213,83497,61435,74162,38510,49012,23984,72308,15902,69273,59813,73196,34129,96502,41235,80124,27963,56347,97013,36284,48920,35829,24571,63491,51092,91620,37049,49175,62983,78520,47210,87349,28763,79513,62739,58102,46590,53124,34197,59310,78124,32845,93871,40512,51730,20931,67420,82359,36948,24186,59841,47031,28417,83591,63420,29375,81246,
Pass 16,10984,13579,18907,20938,23564,39275,45162,57493,59034,63825,68425,74310,78013,81652,82317,92684,94716,75491,32048,91835,49623,23017,81456,60584,70126,55849,38014,69713,80015,21639,47120,96304,31342,84069,23450,98312,16490,44783,38562,56823,62197,45710,91265,70213,83497,61435,74162,38510,49012,23984,72308,15902,69273,59813,73196,34129,96502,41235,80124,27963,56347,97013,36284,48920,35829,24571,63491,51092,91620,37049,49175,62983,78520,47210,87349,28763,79513,62739,58102,46590,53124,34197,59310,78124,32845,93871,40512,51730,20931,67420,82359,36948,24186,59841,47031,28417,83591,63420,29375,81246,
Pass 17,10984,13579,18907,20938,23564,39275,45162,57493,59034,63825,68425,74310,75491,78013,81652,82317,92684,94716,32048,91835,49623,23017,81456,60584,70126,55849,38014,69713,80015,21639,47120,96304,31342,84069,23450,98312,16490,44783,38562,56823,62197,45710,91265,70213,83497,61435,74162,38510,49012,23984,72308,15902,69273,59813,73196,34129,96502,41235,80124,27963,56347,97013,36284,48920,35829,24571,63491,51092,91620,37049,49175,62983,78520,47210,87349,28763,79513,62739,58102,46590,53124,34197,59310,78124,32845,93871,40512,51730,20931,67420,82359,36948,24186,59841,47031,28417,83591,63420,29375,81246,
Pass 18,10984,13579,18907,20938,23564,32048,39275,45162,57493,59034,63825,68425,74310,75491,78013,81652,82317,92684,94716,91835,49623,23017,81456,60584,70126,55849,38014,69713,80015,21639,47120,96304,31342,84069,23450,98312,16490,44783,38562,56823,62197,45710,91265,70213,83497,61435,74162,38510,49012,23984,72308,15902,69273,59813,73196,34129,96502,41235,80124,27963,56347,97013,36284,48920,35829,24571,63491,51092,91620,37049,49175,62983,78520,47210,87349,28763,79513,62739,58102,46590,53124,34197,59310,78124,32845,93871,40512,51730,20931,67420,82359,36948,24186,59841,47031,28417,83591,63420,29375,81246,
Pass 19,10984,13579,18907,20938,23564,32048,39275,45162,57493,59034,63825,68425,74310,75491,78013,81652,82317,91835,92684,94716,49623,23017,81456,60584,70126,55849,38014,69713,80015,21639,47120,96304,31342,84069,23450,98312,16490,44783,38562,56823,62197,45710,91265,70213,83497,61435,74162,38510,49012,23984,72308,15902,69273,59813,73196,34129,96502,41235,80124,27963,56347,97013,36284,48920,35829,24571,63491,51092,91620,37049,49175,62983,78520,47210,87349,28763,79513,62739,58102,46590,53124,34197,59310,78124,32845,93871,40512,51730,20931,67420,82359,36948,24186,59841,47031,28417,83591,63420,29375,81246,
Pass 20,10984,13579,18907,20938,23564,32048,39275,45162,49623,57493,59034,63825,68425,74310,75491,78013,81652,82317,91835,92684,94716,23017,81456,60584,70126,55849,38014,69713,80015,21639,47120,96304,31342,84069,23450,98312,16490,44783,38562,56823,62197,45710,91265,70213,83497,61435,74162,38510,49012,23984,72308,15902,69273,59813,73196,34129,96502,41235,80124,27963,56347,97013,36284,48920,35829,24571,63491,51092,91620,37049,49175,62983,78520,47210,87349,28763,79513,62739,58102,46590,53124,34197,59310,78124,32845,93871,40512,51730,20931,67420,82359,36948,24186,59841,47031,28417,83591,63420,29375,81246,
Pass 21,10984,13579,18907,20938,23017,23564,32048,39275,45162,49623,57493,59034,63825,68425,74310,75491,78013,81652,82317,91835,92684,94716,81456,60584,70126,55849,38014,69713,80015,21639,47120,96304,31342,84069,23450,98312,16490,44783,38562,56823,62197,45710,91265,70213,83497,61435,74162,38510,49012,23984,72308,15902,69273,59813,73196,34129,96502,41235,80124,27963,56347,97013,36284,48920,35829,24571,63491,51092,91620,37049,49175,62983,78520,47210,87349,28763,79513,62739,58102,46590,53124,34197,59310,78124,32845,93871,40512,51730,20931,67420,82359,36948,24186,59841,47031,28417,83591,63420,29375,81246,
Pass 22,10984,13579,18907,20938,23017,23564,32048,39275,45162,49623,57493,59034,63825,68425,74310,75491,78013,81456,81652,82317,91835,92684,94716,60584,70126,55849,38014,69713,80015,21639,47120,96304,31342,84069,23450,98312,16490,44783,38562,56823,62197,45710,91265,70213,83497,61435,74162,38510,49012,23984,72308,15902,69273,59813,73196,34129,96502,41235,80124,27963,56347,97013,36284,48920,35829,24571,63491,51092,91620,37049,49175,62983,78520,47210,87349,28763,79513,62739,58102,46590,53124,34197,59310,78124,32845,93871,40512,51730,20931,67420,82359,36948,24186,59841,47031,28417,83591,63420,29375,81246,
Pass 23,10984,13579,18907,20938,23017,23564,32048,39275,45162,49623,57493,59034,60584,63825,68425,74310,75491,78013,81456,81652,82317,91835,92684,94716,70126,55849,38014,69713,80015,21639,47120,96304,31342,84069,23450,98312,16490,44783,38562,56823,62197,45710,91265,70213,83497,61435,74162,38510,49012,23984,72308,15902,69273,59813,73196,34129,96502,41235,80124,27963,56347,97013,36284,48920,35829,24571,63491,51092,91620,37049,49175,62983,78520,47210,87349,28763,79513,62739,58102,46590,53124,34197,59310,78124,32845,93871,40512,51730,20931,67420,82359,36948,24186,59841,47031,28417,83591,63420,29375,81246,
Pass 24,10984,13579,18907,20938,23017,23564,32048,39275,45162,49623,57493,59034,60584,63825,68425,70126,74310,75491,78013,81456,81652,82317,91835,92684,94716,55849,38014,69713,80015,21639,47120,96304,31342,84069,23450,98312,16490,44783,38562,56823,62197,45710,91265,70213,83497,61435,74162,38510,49012,23984,72308,15902,69273,59813,73196,34129,96502,41235,80124,27963,56347,97013,36284,48920,35829,24571,63491,51092,91620,37049,49175,62983,78520,47210,87349,28763,79513,62739,58102,46590,53124,34197,59310,78124,32845,93871,40512,51730,20931,67420,82359,36948,24186,59841,47031,28417,83591,63420,29375,81246,
Pass 25,10984,13579,18907,20938,23017,23564,32048,39275,45162,49623,55849,57493,59034,60584,63825,68425,70126,74310,75491,78013,81456,81652,82317,91835,92684,94716,38014,69713,80015,21639,47120,96304,31342,84069,23450,98312,16490,44783,38562,56823,62197,45710,91265,70213,83497,61435,74162,38510,49012,23984,72308,15902,69273,59813,73196,34129,96502,41235,80124,27963,56347,97013,36284,48920,35829,24571,63491,51092,91620,37049,49175,62983,78520,47210,87349,28763,79513,62739,58102,46590,53124,34197,59310,78124,32845,93871,40512,51730,20931,67420,82359,36948,24186,59841,47031,28417,83591,63420,29375,81246,
Pass 26,10984,13579,18907,20938,23017,23564,32048,38014,39275,45162,49623,55849,57493,59034,60584,63825,68425,70126,74310,75491,78013,81456,81652,82317,91835,92684,94716,69713,80015,21639,47120,96304,31342,84069,23450,98312,16490,44783,38562,56823,62197,45710,91265,70213,83497,61435,74162,38510,49012,23984,72308,15902,69273,59813,73196,34129,96502,41235,80124,27963,56347,97013,36284,48920,35829,24571,63491,51092,91620,37049,49175,62983,78520,47210,87349,28763,79513,62739,58102,46590,53124,34197,59310,78124,32845,93871,40512,51730,20931,67420,82359,36948,24186,59841,47031,28417,83591,63420,29375,81246,
Pass 27,10984,13579,18907,20938,23017,23564,32048,38014,39275,45162,49623,55849,57493,59034,60584,63825,68425,69713,70126,74310,75491,78013,81456,81652,82317,91835,92684,94716,80015,21639,47120,96304,31342,84069,23450,98312,16490,44783,38562,56823,62197,45710,91265,70213,83497,61435,74162,38510,49012,23984,72308,15902,69273,59813,73196,34129,96502,41235,80124,27963,56347,97013,36284,48920,35829,24571,63491,51092,91620,37049,49175,62983,78520,47210,87349,28763,79513,62739,58102,46590,53124,34197,59310,78124,32845,93871,40512,51730,20931,67420,82359,36948,24186,59841,47031,28417,83591,63420,29375,81246,
Pass 28,10984,13579,18907,20938,23017,23564,32048,38014,39275,45162,49623,55849,57493,59034,60584,63825,68425,69713,70126,74310,75491,78013,80015,81456,81652,82317,91835,92684,94716,21639,47120,96304,31342,84069,23450,98312,16490,44783,38562,56823,62197,45710,91265,70213,83497,61435,74162,38510,49012,23984,72308,15902,69273,59813,73196,34129,96502,41235,80124,27963,56347,97013,36284,48920,35829,24571,63491,51092,91620,37049,49175,62983,78520,47210,87349,28763,79513,62739,58102,46590,53124,34197,59310,78124,32845,93871,40512,51730,20931,67420,82359,36948,24186,59841,47031,28417,83591,63420,29375,81246,
Pass 29,10984,13579,18907,20938,21639,23017,23564,32048,38014,39275,45162,49623,55849,57493,59034,60584,63825,68425,69713,70126,74310,75491,78013,80015,81456,81652,82317,91835,92684,94716,47120,96304,31342,84069,23450,98312,16490,44783,38562,56823,62197,45710,91265,70213,83497,61435,74162,38510,49012,23984,72308,15902,69273,59813,73196,34129,96502,41235,80124,27963,56347,97013,36284,48920,35829,24571,63491,51092,91620,37049,49175,62983,78520,47210,87349,28763,79513,62739,58102,46590,53124,34197,59310,78124,32845,93871,40512,51730,20931,67420,82359,36948,24186,59841,47031,28417,83591,63420,29375,81246,
Pass 30,10984,13579,18907,20938,21639,23017,23564,32048,38014,39275,45162,47120,49623,55849,57493,59034,60584,63825,68425,69713,70126,74310,75491,78013,80015,81456,81652,82317,91835,92684,94716,96304,31342,84069,23450,98312,16490,44783,38562,56823,62197,45710,91265,70213,83497,61435,74162,38510,49012,23984,72308,15902,69273,59813,73196,34129,96502,41235,80124,27963,56347,97013,36284,48920,35829,24571,63491,51092,91620,37049,49175,62983,78520,47210,87349,28763,79513,62739,58102,46590,53124,34197,59310,78124,32845,93871,40512,51730,20931,67420,82359,36948,24186,59841,47031,28417,83591,63420,29375,81246,
Pass 31,10984,13579,18907,20938,21639,23017,23564,32048,38014,39275,45162,47120,49623,55849,57493,59034,60584,63825,68425,69713,70126,74310,75491,78013,80015,81456,81652,82317,91835,92684,94716,96304,31342,84069,23450,98312,16490,44783,38562,56823,62197,45710,91265,70213,83497,61435,74162,38510,49012,23984,72308,15902,69273,59813,73196,34129,96502,41235,80124,27963,56347,97013,36284,48920,35829,24571,63491,51092,91620,37049,49175,62983,78520,47210,87349,28763,79513,62739,58102,46590,53124,34197,59310,78124,32845,93871,40512,51730,20931,67420,82359,36948,24186,59841,47031,28417,83591,63420,29375,81246,
Pass 32,10984,13579,18907,20938,21639,23017,23564,31342,32048,38014,39275,45162,47120,49623,55849,57493,59034,60584,63825,68425,69713,70126,74310,75491,78013,80015,81456,81652,82317,91835,92684,94716,96304,84069,23450,98312,16490,44783,38562,56823,62197,45710,91265,70213,83497,61435,74162,38510,49012,23984,72308,15902,69273,59813,73196,34129,96502,41235,80124,27963,56347,97013,36284,48920,35829,24571,63491,51092,91620,37049,49175,62983,78520,47210,87349,28763,79513,62739,58102,46590,53124,34197,59310,78124,32845,93871,40512,51730,20931,67420,82359,36948,24186,59841,47031,28417,83591,63420,29375,81246,
Pass 33,10984,13579,18907,20938,21639,23017,23564,31342,32048,38014,39275,45162,47120,49623,55849,57493,59034,60584,63825,68425,69713,70126,74310,75491,78013,80015,81456,81652,82317,84069,91835,92684,94716,96304,23450,98312,16490,44783,38562,56823,62197,45710,91265,70213,83497,61435,74162,38510,49012,23984,72308,15902,69273,59813,73196,34129,96502,41235,80124,27963,56347,97013,36284,48920,35829,24571,63491,51092,91620,37049,49175,62983,78520,47210,87349,28763,79513,62739,58102,46590,53124,34197,59310,78124,32845,93871,40512,51730,20931,67420,82359,36948,24186,59841,47031,28417,83591,63420,29375,81246,
Pass 34,10984,13579,18907,20938,21639,23017,23450,23564,31342,32048,38014,39275,45162,47120,49623,55849,57493,59034,60584,63825,68425,69713,70126,74310,75491,78013,80015,81456,81652,82317,84069,91835,92684,94716,96304,98312,16490,44783,38562,56823,62197,45710,91265,70213,83497,61435,74162,38510,49012,23984,72308,15902,69273,59813,73196,34129,96502,41235,80124,27963,56347,97013,36284,48920,35829,24571,63491,51092,91620,37049,49175,62983,78520,47210,87349,28763,79513,62739,58102,46590,53124,34197,59310,78124,32845,93871,40512,51730,20931,67420,82359,36948,24186,59841,47031,28417,83591,63420,29375,81246,
Pass 35,10984,13579,18907,20938,21639,23017,23450,23564,31342,32048,38014,39275,45162,47120,49623,55849,57493,59034,60584,63825,68425,69713,70126,74310,75491,78013,80015,81456,81652,82317,84069,91835,92684,94716,96304,98312,16490,44783,38562,56823,62197,45710,91265,70213,83497,61435,74162,38510,49012,23984,72308,15902,69273,59813,73196,34129,96502,41235,80124,27963,56347,97013,36284,48920,35829,24571,63491,51092,91620,37049,49175,62983,78520,47210,87349,28763,79513,62739,58102,46590,53124,34197,59310,78124,32845,93871,40512,51730,20931,67420,82359,36948,24186,59841,47031,28417,83591,63420,29375,81246,
Pass 36,10984,13579,16490,18907,20938,21639,23017,23450,23564,31342,32048,38014,39275,45162,47120,49623,55849,57493,59034,60584,63825,68425,69713,70126,74310,75491,78013,80015,81456,81652,82317,84069,91835,92684,94716,96304,98312,44783,38562,56823,62197,45710,91265,70213,83497,61435,74162,38510,49012,23984,72308,15902,69273,59813,73196,34129,96502,41235,80124,27963,56347,97013,36284,48920,35829,24571,63491,51092,91620,37049,49175,62983,78520,47210,87349,28763,79513,62739,58102,46590,53124,34197,59310,78124,32845,93871,40512,51730,20931,67420,82359,36948,24186,59841,47031,28417,83591,63420,29375,81246,
Pass 37,10984,13579,16490,18907,20938,21639,23017,23450,23564,31342,32048,38014,39275,44783,45162,47120,49623,55849,57493,59034,60584,63825,68425,69713,70126,74310,75491,78013,80015,81456,81652,82317,84069,91835,92684,94716,96304,98312,38562,56823,62197,45710,91265,70213,83497,61435,74162,38510,49012,23984,72308,15902,69273,59813,73196,34129,96502,41235,80124,27963,56347,97013,36284,48920,35829,24571,63491,51092,91620,37049,49175,62983,78520,47210,87349,28763,79513,62739,58102,46590,53124,34197,59310,78124,32845,93871,40512,51730,20931,67420,82359,36948,24186,59841,47031,28417,83591,63420,29375,81246,
Pass 38,10984,13579,16490,18907,20938,21639,23017,23450,23564,31342,32048,38014,38562,39275,44783,45162,47120,49623,55849,57493,59034,60584,63825,68425,69713,70126,74310,75491,78013,80015,81456,81652,82317,84069,91835,92684,94716,96304,98312,56823,62197,45710,91265,70213,83497,61435,74162,38510,49012,23984,72308,15902,69273,59813,73196,34129,96502,41235,80124,27963,56347,97013,36284,48920,35829,24571,63491,51092,91620,37049,49175,62983,78520,47210,87349,28763,79513,62739,58102,46590,53124,34197,59310,78124,32845,93871,40512,51730,20931,67420,82359,36948,24186,59841,47031,28417,83591,63420,29375,81246,
Pass 39,10984,13579,16490,18907,20938,21639,23017,23450,23564,31342,32048,38014,38562,39275,44783,45162,47120,49623,55849,56823,57493,59034,60584,63825,68425,69713,70126,74310,75491,78013,80015,81456,81652,82317,84069,91835,92684,94716,96304,98312,62197,45710,91265,70213,83497,61435,74162,38510,49012,23984,72308,15902,69273,59813,73196,34129,96502,41235,80124,27963,56347,97013,36284,48920,35829,24571,63491,51092,91620,37049,49175,62983,78520,47210,87349,28763,79513,62739,58102,46590,53124,34197,59310,78124,32845,93871,40512,51730,20931,67420,82359,36948,24186,59841,47031,28417,83591,63420,29375,81246,
Pass 40,10984,13579,16490,18907,20938,21639,23017,23450,23564,31342,32048,38014,38562,39275,44783,45162,47120,49623,55849,56823,57493,59034,60584,62197,63825,68425,69713,70126,74310,75491,78013,80015,81456,81652,82317,84069,91835,92684,94716,96304,98312,45710,91265,70213,83497,61435,74162,38510,49012,23984,72308,15902,69273,59813,73196,34129,96502,41235,80124,27963,56347,97013,36284,48920,35829,24571,63491,51092,91620,37049,49175,62983,78520,47210,87349,28763,79513,62739,58102,46590,53124,34197,59310,78124,32845,93871,40512,51730,20931,67420,82359,36948,24186,59841,47031,28417,83591,63420,29375,81246,
Pass 41,10984,13579,16490,18907,20938,21639,23017,23450,23564,31342,32048,38014,38562,39275,44783,45162,45710,47120,49623,55849,56823,57493,59034,60584,62197,63825,68425,69713,70126,74310,75491,78013,80015,81456,81652,82317,84069,91835,92684,94716,96304,98312,91265,70213,83497,61435,74162,38510,49012,23984,72308,15902,69273,59813,73196,34129,96502,41235,80124,27963,56347,97013,36284,48920,35829,24571,63491,51092,91620,37049,49175,62983,78520,47210,87349,28763,79513,62739,58102,46590,53124,34197,59310,78124,32845,93871,40512,51730,20931,67420,82359,36948,24186,59841,47031,28417,83591,63420,29375,81246,
Pass 42,10984,13579,16490,18907,20938,21639,23017,23450,23564,31342,32048,38014,38562,39275,44783,45162,45710,47120,49623,55849,56823,57493,59034,60584,62197,63825,68425,69713,70126,74310,75491,78013,80015,81456,81652,82317,84069,91265,91835,92684,94716,96304,98312,70213,83497,61435,74162,38510,49012,23984,72308,15902,69273,59813,73196,34129,96502,41235,80124,27963,56347,97013,36284,48920,35829,24571,63491,51092,91620,37049,49175,62983,78520,47210,87349,28763,79513,62739,58102,46590,53124,34197,59310,78124,32845,93871,40512,51730,20931,67420,82359,36948,24186,59841,47031,28417,83591,63420,29375,81246,
Pass 43,10984,13579,16490,18907,20938,21639,23017,23450,23564,31342,32048,38014,38562,39275,44783,45162,45710,47120,49623,55849,56823,57493,59034,60584,62197,63825,68425,69713,70126,70213,74310,75491,78013,80015,81456,81652,82317,84069,91265,91835,92684,94716,96304,98312,83497,61435,74162,38510,49012,23984,72308,15902,69273,59813,73196,34129,96502,41235,80124,27963,56347,97013,36284,48920,35829,24571,63491,51092,91620,37049,49175,62983,78520,47210,87349,28763,79513,62739,58102,46590,53124,34197,59310,78124,32845,93871,40512,51730,20931,67420,82359,36948,24186,59841,47031,28417,83591,63420,29375,81246,
Pass 44,10984,13579,16490,18907,20938,21639,23017,23450,23564,31342,32048,38014,38562,39275,44783,45162,45710,47120,49623,55849,56823,57493,59034,60584,62197,63825,68425,69713,70126,70213,74310,75491,78013,80015,81456,81652,82317,83497,84069,91265,91835,92684,94716,96304,98312,61435,74162,38510,49012,23984,72308,15902,69273,59813,73196,34129,96502,41235,80124,27963,56347,97013,36284,48920,35829,24571,63491,51092,91620,37049,49175,62983,78520,47210,87349,28763,79513,62739,58102,46590,53124,34197,59310,78124,32845,93871,40512,51730,20931,67420,82359,36948,24186,59841,47031,28417,83591,63420,29375,81246,
Pass 45,10984,13579,16490,18907,20938,21639,23017,23450,23564,31342,32048,38014,38562,39275,44783,45162,45710,47120,49623,55849,56823,57493,59034,60584,61435,62197,63825,68425,69713,70126,70213,74310,75491,78013,80015,81456,81652,82317,83497,84069,91265,91835,92684,94716,96304,98312,74162,38510,49012,23984,72308,15902,69273,59813,73196,34129,96502,41235,80124,27963,56347,97013,36284,48920,35829,24571,63491,51092,91620,37049,49175,62983,78520,47210,87349,28763,79513,62739,58102,46590,53124,34197,59310,78124,32845,93871,40512,51730,20931,67420,82359,36948,24186,59841,47031,28417,83591,63420,29375,81246,
Pass 46,10984,13579,16490,18907,20938,21639,23017,23450,23564,31342,32048,38014,38562,39275,44783,45162,45710,47120,49623,55849,56823,57493,59034,60584,61435,62197,63825,68425,69713,70126,70213,74162,74310,75491,78013,80015,81456,81652,82317,83497,84069,91265,91835,92684,94716,96304,98312,38510,49012,23984,72308,15902,69273,59813,73196,34129,96502,41235,80124,27963,56347,97013,36284,48920,35829,24571,63491,51092,91620,37049,49175,62983,78520,47210,87349,28763,79513,62739,58102,46590,53124,34197,59310,78124,32845,93871,40512,51730,20931,67420,82359,36948,24186,59841,47031,28417,83591,63420,29375,81246,
Pass 47,10984,13579,16490,18907,20938,21639,23017,23450,23564,31342,32048,38014,38510,38562,39275,44783,45162,45710,47120,49623,55849,56823,57493,59034,60584,61435,62197,63825,68425,69713,70126,70213,74162,74310,75491,78013,80015,81456,81652,82317,83497,84069,91265,91835,92684,94716,96304,98312,49012,23984,72308,15902,69273,59813,73196,34129,96502,41235,80124,27963,56347,97013,36284,48920,35829,24571,63491,51092,91620,37049,49175,62983,78520,47210,87349,28763,79513,62739,58102,46590,53124,34197,59310,78124,32845,93871,40512,51730,20931,67420,82359,36948,24186,59841,47031,28417,83591,63420,29375,81246,
Pass 48,10984,13579,16490,18907,20938,21639,23017,23450,23564,31342,32048,38014,38510,38562,39275,44783,45162,45710,47120,49012,49623,55849,56823,57493,59034,60584,61435,62197,63825,68425,69713,70126,70213,74162,74310,75491,78013,80015,81456,81652,82317,83497,84069,91265,91835,92684,94716,96304,98312,23984,72308,15902,69273,59813,73196,34129,96502,41235,80124,27963,56347,97013,36284,48920,35829,24571,63491,51092,91620,37049,49175,62983,78520,47210,87349,28763,79513,62739,58102,46590,53124,34197,59310,78124,32845,93871,40512,51730,20931,67420,82359,36948,24186,59841,47031,28417,83591,63420,29375,81246,
Pass 49,10984,13579,16490,18907,20938,21639,23017,23450,23564,23984,31342,32048,38014,38510,38562,39275,44783,45162,45710,47120,49012,49623,55849,56823,57493,59034,60584,61435,62197,63825,68425,69713,70126,70213,74162,74310,75491,78013,80015,81456,81652,82317,83497,84069,91265,91835,92684,94716,96304,98312,72308,15902,69273,59813,73196,34129,96502,41235,80124,27963,56347,97013,36284,48920,35829,24571,63491,51092,91620,37049,49175,62983,78520,47210,87349,28763,79513,62739,58102,46590,53124,34197,59310,78124,32845,93871,40512,51730,20931,67420,82359,36948,24186,59841,47031,28417,83591,63420,29375,81246,
Pass 50,10984,13579,16490,18907,20938,21639,23017,23450,23564,23984,31342,32048,38014,38510,38562,39275,44783,45162,45710,47120,49012,49623,55849,56823,57493,59034,60584,61435,62197,63825,68425,69713,70126,70213,72308,74162,74310,75491,78013,80015,81456,81652,82317,83497,84069,91265,91835,92684,94716,96304,98312,15902,69273,59813,73196,34129,96502,41235,80124,27963,56347,97013,36284,48920,35829,24571,63491,51092,91620,37049,49175,62983,78520,47210,87349,28763,79513,62739,58102,46590,53124,34197,59310,78124,32845,93871,40512,51730,20931,67420,82359,36948,24186,59841,47031,28417,83591,63420,29375,81246,
Pass 51,10984,13579,15902,16490,18907,20938,21639,23017,23450,23564,23984,31342,32048,38014,38510,38562,39275,44783,45162,45710,47120,49012,49623,55849,56823,57493,59034,60584,61435,62197,63825,68425,69713,70126,70213,72308,74162,74310,75491,78013,80015,81456,81652,82317,83497,84069,91265,91835,92684,94716,96304,98312,69273,59813,73196,34129,96502,41235,80124,27963,56347,97013,36284,48920,35829,24571,63491,51092,91620,37049,49175,62983,78520,47210,87349,28763,79513,62739,58102,46590,53124,34197,59310,78124,32845,93871,40512,51730,20931,67420,82359,36948,24186,59841,47031,28417,83591,63420,29375,81246,
Pass 52,10984,13579,15902,16490,18907,20938,21639,23017,23450,23564,23984,31342,32048,38014,38510,38562,39275,44783,45162,45710,47120,49012,49623,55849,56823,57493,59034,60584,61435,62197,63825,68425,69273,69713,70126,70213,72308,74162,74310,75491,78013,80015,81456,81652,82317,83497,84069,91265,91835,92684,94716,96304,98312,59813,73196,34129,96502,41235,80124,27963,56347,97013,36284,48920,35829,24571,63491,51092,91620,37049,49175,62983,78520,47210,87349,28763,79513,62739,58102,46590,53124,34197,59310,78124,32845,93871,40512,51730,20931,67420,82359,36948,24186,59841,47031,28417,83591,63420,29375,81246,
Pass 53,10984,13579,15902,16490,18907,20938,21639,23017,23450,23564,23984,31342,32048,38014,38510,38562,39275,44783,45162,45710,47120,49012,49623,55849,56823,57493,59034,59813,60584,61435,62197,63825,68425,69273,69713,70126,70213,72308,74162,74310,75491,78013,80015,81456,81652,82317,83497,84069,91265,91835,92684,94716,96304,98312,73196,34129,96502,41235,80124,27963,56347,97013,36284,48920,35829,24571,63491,51092,91620,37049,49175,62983,78520,47210,87349,28763,79513,62739,58102,46590,53124,34197,59310,78124,32845,93871,40512,51730,20931,67420,82359,36948,24186,59841,47031,28417,83591,63420,29375,81246,
Pass 54,10984,13579,15902,16490,18907,20938,21639,23017,23450,23564,23984,31342,32048,38014,38510,38562,39275,44783,45162,45710,47120,49012,49623,55849,56823,57493,59034,59813,60584,61435,62197,63825,68425,69273,69713,70126,70213,72308,73196,74162,74310,75491,78013,80015,81456,81652,82317,83497,84069,91265,91835,92684,94716,96304,98312,34129,96502,41235,80124,27963,56347,97013,36284,48920,35829,24571,63491,51092,91620,37049,49175,62983,78520,47210,87349,28763,79513,62739,58102,46590,53124,34197,59310,78124,32845,93871,40512,51730,20931,67420,82359,36948,24186,59841,47031,28417,83591,63420,29375,81246,
Pass 55,10984,13579,15902,16490,18907,20938,21639,23017,23450,23564,23984,31342,32048,34129,38014,38510,38562,39275,44783,45162,45710,47120,49012,49623,55849,56823,57493,59034,59813,60584,61435,62197,63825,68425,69273,69713,70126,70213,72308,73196,74162,74310,75491,78013,80015,81456,81652,82317,83497,84069,91265,91835,92684,94716,96304,98312,96502,41235,80124,27963,56347,97013,36284,48920,35829,24571,63491,51092,91620,37049,49175,62983,78520,47210,87349,28763,79513,62739,58102,46590,53124,34197,59310,78124,32845,93871,40512,51730,20931,67420,82359,36948,24186,59841,47031,28417,83591,63420,29375,81246,
Pass 56,10984,13579,15902,16490,18907,20938,21639,23017,23450,23564,23984,31342,32048,34129,38014,38510,38562,39275,44783,45162,45710,47120,49012,49623,55849,56823,57493,59034,59813,60584,61435,62197,63825,68425,69273,69713,70126,70213,72308,73196,74162,74310,75491,78013,80015,81456,81652,82317,83497,84069,91265,91835,92684,94716,96304,96502,98312,41235,80124,27963,56347,97013,36284,48920,35829,24571,63491,51092,91620,37049,49175,62983,78520,47210,87349,28763,79513,62739,58102,46590,53124,34197,59310,78124,32845,93871,40512,51730,20931,67420,82359,36948,24186,59841,47031,28417,83591,63420,29375,81246,
Pass 57,10984,13579,15902,16490,18907,20938,21639,23017,23450,23564,23984,31342,32048,34129,38014,38510,38562,39275,41235,44783,45162,45710,47120,49012,49623,55849,56823,57493,59034,59813,60584,61435,62197,63825,68425,69273,69713,70126,70213,72308,73196,74162,74310,75491,78013,80015,81456,81652,82317,83497,84069,91265,91835,92684,94716,96304,96502,98312,80124,27963,56347,97013,36284,48920,35829,24571,63491,51092,91620,37049,49175,62983,78520,47210,87349,28763,79513,62739,58102,46590,53124,34197,59310,78124,32845,93871,40512,51730,20931,67420,82359,36948,24186,59841,47031,28417,83591,63420,29375,81246,
Pass 58,10984,13579,15902,16490,18907,20938,21639,23017,23450,23564,23984,31342,32048,34129,38014,38510,38562,39275,41235,44783,45162,45710,47120,49012,49623,55849,56823,57493,59034,59813,60584,61435,62197,63825,68425,69273,69713,70126,70213,72308,73196,74162,74310,75491,78013,80015,80124,81456,81652,82317,83497,84069,91265,91835,92684,94716,96304,96502,98312,27963,56347,97013,36284,48920,35829,24571,63491,51092,91620,37049,49175,62983,78520,47210,87349,28763,79513,62739,58102,46590,53124,34197,59310,78124,32845,93871,40512,51730,20931,67420,82359,36948,24186,59841,47031,28417,83591,63420,29375,81246,
Pass 59,10984,13579,15902,16490,18907,20938,21639,23017,23450,23564,23984,27963,31342,32048,34129,38014,38510,38562,39275,41235,44783,45162,45710,47120,49012,49623,55849,56823,57493,59034,59813,60584,61435,62197,63825,68425,69273,69713,70126,70213,72308,73196,74162,74310,75491,78013,80015,80124,81456,81652,82317,83497,84069,91265,91835,92684,94716,96304,96502,98312,56347,97013,36284,48920,35829,24571,63491,51092,91620,37049,49175,62983,78520,47210,87349,28763,79513,62739,58102,46590,53124,34197,59310,78124,32845,93871,40512,51730,20931,67420,82359,36948,24186,59841,47031,28417,83591,63420,29375,81246,
Pass 60,10984,13579,15902,16490,18907,20938,21639,23017,23450,23564,23984,27963,31342,32048,34129,38014,38510,38562,39275,41235,44783,45162,45710,47120,49012,49623,55849,56347,56823,57493,59034,59813,60584,61435,62197,63825,68425,69273,69713,70126,70213,72308,73196,74162,74310,75491,78013,80015,80124,81456,81652,82317,83497,84069,91265,91835,92684,94716,96304,96502,98312,97013,36284,48920,35829,24571,63491,51092,91620,37049,49175,62983,78520,47210,87349,28763,79513,62739,58102,46590,53124,34197,59310,78124,32845,93871,40512,51730,20931,67420,82359,36948,24186,59841,47031,28417,83591,63420,29375,81246,
Pass 61,10984,13579,15902,16490,18907,20938,21639,23017,23450,23564,23984,27963,31342,32048,34129,38014,38510,38562,39275,41235,44783,45162,45710,47120,49012,49623,55849,56347,56823,57493,59034,59813,60584,61435,62197,63825,68425,69273,69713,70126,70213,72308,73196,74162,74310,75491,78013,80015,80124,81456,81652,82317,83497,84069,91265,91835,92684,94716,96304,96502,97013,98312,36284,48920,35829,24571,63491,51092,91620,37049,49175,62983,78520,47210,87349,28763,79513,62739,58102,46590,53124,34197,59310,78124,32845,93871,40512,51730,20931,67420,82359,36948,24186,59841,47031,28417,83591,63420,29375,81246,
Pass 62,10984,13579,15902,16490,18907,20938,21639,23017,23450,23564,23984,27963,31342,32048,34129,36284,38014,38510,38562,39275,41235,44783,45162,45710,47120,49012,49623,55849,56347,56823,57493,59034,59813,60584,61435,62197,63825,68425,69273,69713,70126,70213,72308,73196,74162,74310,75491,78013,80015,80124,81456,81652,82317,83497,84069,91265,91835,92684,94716,96304,96502,97013,98312,48920,35829,24571,63491,51092,91620,37049,49175,62983,78520,47210,87349,28763,79513,62739,58102,46590,53124,34197,59310,78124,32845,93871,40512,51730,20931,67420,82359,36948,24186,59841,47031,28417,83591,63420,29375,81246,
Pass 63,10984,13579,15902,16490,18907,20938,21639,23017,23450,23564,23984,27963,31342,32048,34129,36284,38014,38510,38562,39275,41235,44783,45162,45710,47120,48920,49012,49623,55849,56347,56823,57493,59034,59813,60584,61435,62197,63825,68425,69273,69713,70126,70213,72308,73196,74162,74310,75491,78013,80015,80124,81456,81652,82317,83497,84069,91265,91835,92684,94716,96304,96502,97013,98312,35829,24571,63491,51092,91620,37049,49175,62983,78520,47210,87349,28763,79513,62739,58102,46590,53124,34197,59310,78124,32845,93871,40512,51730,20931,67420,82359,36948,24186,59841,47031,28417,83591,63420,29375,81246,
Pass 64,10984,13579,15902,16490,18907,20938,21639,23017,23450,23564,23984,27963,31342,32048,34129,35829,36284,38014,38510,38562,39275,41235,44783,45162,45710,47120,48920,49012,49623,55849,56347,56823,57493,59034,59813,60584,61435,62197,63825,68425,69273,69713,70126,70213,72308,73196,74162,74310,75491,78013,80015,80124,81456,81652,82317,83497,84069,91265,91835,92684,94716,96304,96502,97013,98312,24571,63491,51092,91620,37049,49175,62983,78520,47210,87349,28763,79513,62739,58102,46590,53124,34197,59310,78124,32845,93871,40512,51730,20931,67420,82359,36948,24186,59841,47031,28417,83591,63420,29375,81246,
Pass 65,10984,13579,15902,16490,18907,20938,21639,23017,23450,23564,23984,24571,27963,31342,32048,34129,35829,36284,38014,38510,38562,39275,41235,44783,45162,45710,47120,48920,49012,49623,55849,56347,56823,57493,59034,59813,60584,61435,62197,63825,68425,69273,69713,70126,70213,72308,73196,74162,74310,75491,78013,80015,80124,81456,81652,82317,83497,84069,91265,91835,92684,94716,96304,96502,97013,98312,63491,51092,91620,37049,49175,62983,78520,47210,87349,28763,79513,62739,58102,46590,53124,34197,59310,78124,32845,93871,40512,51730,20931,67420,82359,36948,24186,59841,47031,28417,83591,63420,29375,81246,
Pass 66,10984,13579,15902,16490,18907,20938,21639,23017,23450,23564,23984,24571,27963,31342,32048,34129,35829,36284,38014,38510,38562,39275,41235,44783,45162,45710,47120,48920,49012,49623,55849,56347,56823,57493,59034,59813,60584,61435,62197,63491,63825,68425,69273,69713,70126,70213,72308,73196,74162,74310,75491,78013,80015,80124,81456,81652,82317,83497,84069,91265,91835,92684,94716,96304,96502,97013,98312,51092,91620,37049,49175,62983,78520,47210,87349,28763,79513,62739,58102,46590,53124,34197,59310,78124,32845,93871,40512,51730,20931,67420,82359,36948,24186,59841,47031,28417,83591,63420,29375,81246,
Pass 67,10984,13579,15902,16490,18907,20938,21639,23017,23450,23564,23984,24571,27963,31342,32048,34129,35829,36284,38014,38510,38562,39275,41235,44783,45162,45710,47120,48920,49012,49623,51092,55849,56347,56823,57493,59034,59813,60584,61435,62197,63491,63825,68425,69273,69713,70126,70213,72308,73196,74162,74310,75491,78013,80015,80124,81456,81652,82317,83497,84069,91265,91835,92684,94716,96304,96502,97013,98312,91620,37049,49175,62983,78520,47210,87349,28763,79513,62739,58102,46590,53124,34197,59310,78124,32845,93871,40512,51730,20931,67420,82359,36948,24186,59841,47031,28417,83591,63420,29375,81246,
Pass 68,10984,13579,15902,16490,18907,20938,21639,23017,23450,23564,23984,24571,27963,31342,32048,34129,35829,36284,38014,38510,38562,39275,41235,44783,45162,45710,47120,48920,49012,49623,51092,55849,56347,56823,57493,59034,59813,60584,61435,62197,63491,63825,68425,69273,69713,70126,70213,72308,73196,74162,74310,75491,78013,80015,80124,81456,81652,82317,83497,84069,91265,91620,91835,92684,94716,96304,96502,97013,98312,37049,49175,62983,78520,47210,87349,28763,79513,62739,58102,46590,53124,34197,59310,78124,32845,93871,40512,51730,20931,67420,82359,36948,24186,59841,47031,28417,83591,63420,29375,81246,
Pass 69,10984,13579,15902,16490,18907,20938,21639,23017,23450,23564,23984,24571,27963,31342,32048,34129,35829,36284,37049,38014,38510,38562,39275,41235,44783,45162,45710,47120,48920,49012,49623,51092,55849,56347,56823,57493,59034,59813,60584,61435,62197,63491,63825,68425,69273,69713,70126,70213,72308,73196,74162,74310,75491,78013,80015,80124,81456,81652,82317,83497,84069,91265,91620,91835,92684,94716,96304,96502,97013,98312,49175,62983,78520,47210,87349,28763,79513,62739,58102,46590,53124,34197,59310,78124,32845,93871,40512,51730,20931,67420,82359,36948,24186,59841,47031,28417,83591,63420,29375,81246,
Pass 70,10984,13579,15902,16490,18907,20938,21639,23017,23450,23564,23984,24571,27963,31342,32048,34129,35829,36284,37049,38014,38510,38562,39275,41235,44783,45162,45710,47120,48920,49012,49175,49623,51092,55849,56347,56823,57493,59034,59813,60584,61435,62197,63491,63825,68425,69273,69713,70126,70213,72308,73196,74162,74310,75491,78013,80015,80124,81456,81652,82317,83497,84069,91265,91620,91835,92684,94716,96304,96502,97013,98312,62983,78520,47210,87349,28763,79513,62739,58102,46590,53124,34197,59310,78124,32845,93871,40512,51730,20931,67420,82359,36948,24186,59841,47031,28417,83591,63420,29375,81246,
Pass 71,10984,13579,15902,16490,18907,20938,21639,23017,23450,23564,23984,24571,27963,31342,32048,34129,35829,36284,37049,38014,38510,38562,39275,41235,44783,45162,45710,47120,48920,49012,49175,49623,51092,55849,56347,56823,57493,59034,59813,60584,61435,62197,62983,63491,63825,68425,69273,69713,70126,70213,72308,73196,74162,74310,75491,78013,80015,80124,81456,81652,82317,83497,84069,91265,91620,91835,92684,94716,96304,96502,97013,98312,78520,47210,87349,28763,79513,62739,58102,46590,53124,34197,59310,78124,32845,93871,40512,51730,20931,67420,82359,36948,24186,59841,47031,28417,83591,63420,29375,81246,
Pass 72,10984,13579,15902,16490,18907,20938,21639,23017,23450,23564,23984,24571,27963,31342,32048,34129,35829,36284,37049,38014,38510,38562,39275,41235,44783,45162,45710,47120,48920,49012,49175,49623,51092,55849,56347,56823,57493,59034,59813,60584,61435,62197,62983,63491,63825,68425,69273,69713,70126,70213,72308,73196,74162,74310,75491,78013,78520,80015,80124,81456,81652,82317,83497,84069,91265,91620,91835,92684,94716,96304,96502,97013,98312,47210,87349,28763,79513,62739,58102,46590,53124,34197,59310,78124,32845,93871,40512,51730,20931,67420,82359,36948,24186,59841,47031,28417,83591,63420,29375,81246,
Pass 73,10984,13579,15902,16490,18907,20938,21639,23017,23450,23564,23984,24571,27963,31342,32048,34129,35829,36284,37049,38014,38510,38562,39275,41235,44783,45162,45710,47120,47210,48920,49012,49175,49623,51092,55849,56347,56823,57493,59034,59813,60584,61435,62197,62983,63491,63825,68425,69273,69713,70126,70213,72308,73196,74162,74310,75491,78013,78520,80015,80124,81456,81652,82317,83497,84069,91265,91620,91835,92684,94716,96304,96502,97013,98312,87349,28763,79513,62739,58102,46590,53124,34197,59310,78124,32845,93871,40512,51730,20931,67420,82359,36948,24186,59841,47031,28417,83591,63420,29375,81246,
Pass 74,10984,13579,15902,16490,18907,20938,21639,23017,23450,23564,23984,24571,27963,31342,32048,34129,35829,36284,37049,38014,38510,38562,39275,41235,44783,45162,45710,47120,47210,48920,49012,49175,49623,51092,55849,56347,56823,57493,59034,59813,60584,61435,62197,62983,63491,63825,68425,69273,69713,70126,70213,72308,73196,74162,74310,75491,78013,78520,80015,80124,81456,81652,82317,83497,84069,87349,91265,91620,91835,92684,94716,96304,96502,97013,98312,28763,79513,62739,58102,46590,53124,34197,59310,78124,32845,93871,40512,51730,20931,67420,82359,36948,24186,59841,47031,28417,83591,63420,29375,81246,
Pass 75,10984,13579,15902,16490,18907,20938,21639,23017,23450,23564,23984,24571,27963,28763,31342,32048,34129,35829,36284,37049,38014,38510,38562,39275,41235,44783,45162,45710,47120,47210,48920,49012,49175,49623,51092,55849,56347,56823,57493,59034,59813,60584,61435,62197,62983,63491,63825,68425,69273,69713,70126,70213,72308,73196,74162,74310,75491,78013,78520,80015,80124,81456,81652,82317,83497,84069,87349,91265,91620,91835,92684,94716,96304,96502,97013,98312,79513,62739,58102,46590,53124,34197,59310,78124,32845,93871,40512,51730,20931,67420,82359,36948,24186,59841,47031,28417,83591,63420,29375,81246,
Pass 76,10984,13579,15902,16490,18907,20938,21639,23017,23450,23564,23984,24571,27963,28763,31342,32048,34129,35829,36284,37049,38014,38510,38562,39275,41235,44783,45162,45710,47120,47210,48920,49012,49175,49623,51092,55849,56347,56823,57493,59034,59813,60584,61435,62197,62983,63491,63825,68425,69273,69713,70126,70213,72308,73196,74162,74310,75491,78013,78520,79513,80015,80124,81456,81652,82317,83497,84069,87349,91265,91620,91835,92684,94716,96304,96502,97013,98312,62739,58102,46590,53124,34197,59310,78124,32845,93871,40512,51730,20931,67420,82359,36948,24186,59841,47031,28417,83591,63420,29375,81246,
Pass 77,10984,13579,15902,16490,18907,20938,21639,23017,23450,23564,23984,24571,27963,28763,31342,32048,34129,35829,36284,37049,38014,38510,38562,39275,41235,44783,45162,45710,47120,47210,48920,49012,49175,49623,51092,55849,56347,56823,57493,59034,59813,60584,61435,62197,62739,62983,63491,63825,68425,69273,69713,70126,70213,72308,73196,74162,74310,75491,78013,78520,79513,80015,80124,81456,81652,82317,83497,84069,87349,91265,91620,91835,92684,94716,96304,96502,97013,98312,58102,46590,53124,34197,59310,78124,32845,93871,40512,51730,20931,67420,82359,36948,24186,59841,47031,28417,83591,63420,29375,81246,
Pass 78,10984,13579,15902,16490,18907,20938,21639,23017,23450,23564,23984,24571,27963,28763,31342,32048,34129,35829,36284,37049,38014,38510,38562,39275,41235,44783,45162,45710,47120,47210,48920,49012,49175,49623,51092,55849,56347,56823,57493,58102,59034,59813,60584,61435,62197,62739,62983,63491,63825,68425,69273,69713,70126,70213,72308,73196,74162,74310,75491,78013,78520,79513,80015,80124,81456,81652,82317,83497,84069,87349,91265,91620,91835,92684,94716,96304,96502,97013,98312,46590,53124,34197,59310,78124,32845,93871,40512,51730,20931,67420,82359,36948,24186,59841,47031,28417,83591,63420,29375,81246,
Pass 79,10984,13579,15902,16490,18907,20938,21639,23017,23450,23564,23984,24571,27963,28763,31342,32048,34129,35829,36284,37049,38014,38510,38562,39275,41235,44783,45162,45710,46590,47120,47210,48920,49012,49175,49623,51092,55849,56347,56823,57493,58102,59034,59813,60584,61435,62197,62739,62983,63491,63825,68425,69273,69713,70126,70213,72308,73196,74162,74310,75491,78013,78520,79513,80015,80124,81456,81652,82317,83497,84069,87349,91265,91620,91835,92684,94716,96304,96502,97013,98312,53124,34197,59310,78124,32845,93871,40512,51730,20931,67420,82359,36948,24186,59841,47031,28417,83591,63420,29375,81246,
Pass 80,10984,13579,15902,16490,18907,20938,21639,23017,23450,23564,23984,24571,27963,28763,31342,32048,34129,35829,36284,37049,38014,38510,38562,39275,41235,44783,45162,45710,46590,47120,47210,48920,49012,49175,49623,51092,53124,55849,56347,56823,57493,58102,59034,59813,60584,61435,62197,62739,62983,63491,63825,68425,69273,69713,70126,70213,72308,73196,74162,74310,75491,78013,78520,79513,80015,80124,81456,81652,82317,83497,84069,87349,91265,91620,91835,92684,94716,96304,96502,97013,98312,34197,59310,78124,32845,93871,40512,51730,20931,67420,82359,36948,24186,59841,47031,28417,83591,63420,29375,81246,
Pass 81,10984,13579,15902,16490,18907,20938,21639,23017,23450,23564,23984,24571,27963,28763,31342,32048,34129,34197,35829,36284,37049,38014,38510,38562,39275,41235,44783,45162,45710,46590,47120,47210,48920,49012,49175,49623,51092,53124,55849,56347,56823,57493,58102,59034,59813,60584,61435,62197,62739,62983,63491,63825,68425,69273,69713,70126,70213,72308,73196,74162,74310,75491,78013,78520,79513,80015,80124,81456,81652,82317,83497,84069,87349,91265,91620,91835,92684,94716,96304,96502,97013,98312,59310,78124,32845,93871,40512,51730,20931,67420,82359,36948,24186,59841,47031,28417,83591,63420,29375,81246,
Pass 82,10984,13579,15902,16490,18907,20938,21639,23017,23450,23564,23984,24571,27963,28763,31342,32048,34129,34197,35829,36284,37049,38014,38510,38562,39275,41235,44783,45162,45710,46590,47120,47210,48920,49012,49175,49623,51092,53124,55849,56347,56823,57493,58102,59034,59310,59813,60584,61435,62197,62739,62983,63491,63825,68425,69273,69713,70126,70213,72308,73196,74162,74310,75491,78013,78520,79513,80015,80124,81456,81652,82317,83497,84069,87349,91265,91620,91835,92684,94716,96304,96502,97013,98312,78124,32845,93871,40512,51730,20931,67420,82359,36948,24186,59841,47031,28417,83591,63420,29375,81246,
Pass 83,10984,13579,15902,16490,18907,20938,21639,23017,23450,23564,23984,24571,27963,28763,31342,32048,34129,34197,35829,36284,37049,38014,38510,38562,39275,41235,44783,45162,45710,46590,47120,47210,48920,49012,49175,49623,51092,53124,55849,56347,56823,57493,58102,59034,59310,59813,60584,61435,62197,62739,62983,63491,63825,68425,69273,69713,70126,70213,72308,73196,74162,74310,75491,78013,78124,78520,79513,80015,80124,81456,81652,82317,83497,84069,87349,91265,91620,91835,92684,94716,96304,96502,97013,98312,32845,93871,40512,51730,20931,67420,82359,36948,24186,59841,47031,28417,83591,63420,29375,81246,
Pass 84,10984,13579,15902,16490,18907,20938,21639,23017,23450,23564,23984,24571,27963,28763,31342,32048,32845,34129,34197,35829,36284,37049,38014,38510,38562,39275,41235,44783,45162,45710,46590,47120,47210,48920,49012,49175,49623,51092,53124,55849,56347,56823,57493,58102,59034,59310,59813,60584,61435,62197,62739,62983,63491,63825,68425,69273,69713,70126,70213,72308,73196,74162,74310,75491,78013,78124,78520,79513,80015,80124,81456,81652,82317,83497,84069,87349,91265,91620,91835,92684,94716,96304,96502,97013,98312,93871,40512,51730,20931,67420,82359,36948,24186,59841,47031,28417,83591,63420,29375,81246,
Pass 85,10984,13579,15902,16490,18907,20938,21639,23017,23450,23564,23984,24571,27963,28763,31342,32048,32845,34129,34197,35829,36284,37049,38014,38510,38562,39275,41235,44783,45162,45710,46590,47120,47210,48920,49012,49175,49623,51092,53124,55849,56347,56823,57493,58102,59034,59310,59813,60584,61435,62197,62739,62983,63491,63825,68425,69273,69713,70126,70213,72308,73196,74162,74310,75491,78013,78124,78520,79513,80015,80124,81456,81652,82317,83497,84069,87349,91265,91620,91835,92684,93871,94716,96304,96502,97013,98312,40512,51730,20931,67420,82359,36948,24186,59841,47031,28417,83591,63420,29375,81246,
Pass 86,10984,13579,15902,16490,18907,20938,21639,23017,23450,23564,23984,24571,27963,28763,31342,32048,32845,34129,34197,35829,36284,37049,38014,38510,38562,39275,40512,41235,44783,45162,45710,46590,47120,47210,48920,49012,49175,49623,51092,53124,55849,56347,56823,57493,58102,59034,59310,59813,60584,61435,62197,62739,62983,63491,63825,68425,69273,69713,70126,70213,72308,73196,74162,74310,75491,78013,78124,78520,79513,80015,80124,81456,81652,82317,83497,84069,87349,91265,91620,91835,92684,93871,94716,96304,96502,97013,98312,51730,20931,67420,82359,36948,24186,59841,47031,28417,83591,63420,29375,81246,
Pass 87,10984,13579,15902,16490,18907,20938,21639,23017,23450,23564,23984,24571,27963,28763,31342,32048,32845,34129,34197,35829,36284,37049,38014,38510,38562,39275,40512,41235,44783,45162,45710,46590,47120,47210,48920,49012,49175,49623,51092,51730,53124,55849,56347,56823,57493,58102,59034,59310,59813,60584,61435,62197,62739,62983,63491,63825,68425,69273,69713,70126,70213,72308,73196,74162,74310,75491,78013,78124,78520,79513,80015,80124,81456,81652,82317,83497,84069,87349,91265,91620,91835,92684,93871,94716,96304,96502,97013,98312,20931,67420,82359,36948,24186,59841,47031,28417,83591,63420,29375,81246,
Pass 88,10984,13579,15902,16490,18907,20931,20938,21639,23017,23450,23564,23984,24571,27963,28763,31342,32048,32845,34129,34197,35829,36284,37049,38014,38510,38562,39275,40512,41235,44783,45162,45710,46590,47120,47210,48920,49012,49175,49623,51092,51730,53124,55849,56347,56823,57493,58102,59034,59310,59813,60584,61435,62197,62739,62983,63491,63825,68425,69273,69713,70126,70213,72308,73196,74162,74310,75491,78013,78124,78520,79513,80015,80124,81456,81652,82317,83497,84069,87349,91265,91620,91835,92684,93871,94716,96304,96502,97013,98312,67420,82359,36948,24186,59841,47031,28417,83591,63420,29375,81246,
Pass 89,10984,13579,15902,16490,18907,20931,20938,21639,23017,23450,23564,23984,24571,27963,28763,31342,32048,32845,34129,34197,35829,36284,37049,38014,38510,38562,39275,40512,41235,44783,45162,45710,46590,47120,47210,48920,49012,49175,49623,51092,51730,53124,55849,56347,56823,57493,58102,59034,59310,59813,60584,61435,62197,62739,62983,63491,63825,67420,68425,69273,69713,70126,70213,72308,73196,74162,74310,75491,78013,78124,78520,79513,80015,80124,81456,81652,82317,83497,84069,87349,91265,91620,91835,92684,93871,94716,96304,96502,97013,98312,82359,36948,24186,59841,47031,28417,83591,63420,29375,81246,
Pass 90,10984,13579,15902,16490,18907,20931,20938,21639,23017,23450,23564,23984,24571,27963,28763,31342,32048,32845,34129,34197,35829,36284,37049,38014,38510,38562,39275,40512,41235,44783,45162,45710,46590,47120,47210,48920,49012,49175,49623,51092,51730,53124,55849,56347,56823,57493,58102,59034,59310,59813,60584,61435,62197,62739,62983,63491,63825,67420,68425,69273,69713,70126,70213,72308,73196,74162,74310,75491,78013,78124,78520,79513,80015,80124,81456,81652,82317,82359,83497,84069,87349,91265,91620,91835,92684,93871,94716,96304,96502,97013,98312,36948,24186,59841,47031,28417,83591,63420,29375,81246,
Pass 91,10984,13579,15902,16490,18907,20931,20938,21639,23017,23450,23564,23984,24571,27963,28763,31342,32048,32845,34129,34197,35829,36284,36948,37049,38014,38510,38562,39275,40512,41235,44783,45162,45710,46590,47120,47210,48920,49012,49175,49623,51092,51730,53124,55849,56347,56823,57493,58102,59034,59310,59813,60584,61435,62197,62739,62983,63491,63825,67420,68425,69273,69713,70126,70213,72308,73196,74162,74310,75491,78013,78124,78520,79513,80015,80124,81456,81652,82317,82359,83497,84069,87349,91265,91620,91835,92684,93871,94716,96304,96502,97013,98312,24186,59841,47031,28417,83591,63420,29375,81246,
Pass 92,10984,13579,15902,16490,18907,20931,20938,21639,23017,23450,23564,23984,24186,24571,27963,28763,31342,32048,32845,34129,34197,35829,36284,36948,37049,38014,38510,38562,39275,40512,41235,44783,45162,45710,46590,47120,47210,48920,49012,49175,49623,51092,51730,53124,55849,56347,56823,57493,58102,59034,59310,59813,60584,61435,62197,62739,62983,63491,63825,67420,68425,69273,69713,70126,70213,72308,73196,74162,74310,75491,78013,78124,78520,79513,80015,80124,81456,81652,82317,82359,83497,84069,87349,91265,91620,91835,92684,93871,94716,96304,96502,97013,98312,59841,47031,28417,83591,63420,29375,81246,
Pass 93,10984,13579,15902,16490,18907,20931,20938,21639,23017,23450,23564,23984,24186,24571,27963,28763,31342,32048,32845,34129,34197,35829,36284,36948,37049,38014,38510,38562,39275,40512,41235,44783,45162,45710,46590,47120,47210,48920,49012,49175,49623,51092,51730,53124,55849,56347,56823,57493,58102,59034,59310,59813,59841,60584,61435,62197,62739,62983,63491,63825,67420,68425,69273,69713,70126,70213,72308,73196,74162,74310,75491,78013,78124,78520,79513,80015,80124,81456,81652,82317,82359,83497,84069,87349,91265,91620,91835,92684,93871,94716,96304,96502,97013,98312,47031,28417,83591,63420,29375,81246,
Pass 94,10984,13579,15902,16490,18907,20931,20938,21639,23017,23450,23564,23984,24186,24571,27963,28763,31342,32048,32845,34129,34197,35829,36284,36948,37049,38014,38510,38562,39275,40512,41235,44783,45162,45710,46590,47031,47120,47210,48920,49012,49175,49623,51092,51730,53124,55849,56347,56823,57493,58102,59034,59310,59813,59841,60584,61435,62197,62739,62983,63491,63825,67420,68425,69273,69713,70126,70213,72308,73196,74162,74310,75491,78013,78124,78520,79513,80015,80124,81456,81652,82317,82359,83497,84069,87349,91265,91620,91835,92684,93871,94716,96304,96502,97013,98312,28417,83591,63420,29375,81246,
Pass 95,10984,13579,15902,16490,18907,20931,20938,21639,23017,23450,23564,23984,24186,24571,27963,28417,28763,31342,32048,32845,34129,34197,35829,36284,36948,37049,38014,38510,38562,39275,40512,41235,44783,45162,45710,46590,47031,47120,47210,48920,49012,49175,49623,51092,51730,53124,55849,56347,56823,57493,58102,59034,59310,59813,59841,60584,61435,62197,62739,62983,63491,63825,67420,68425,69273,69713,70126,70213,72308,73196,74162,74310,75491,78013,78124,78520,79513,80015,80124,81456,81652,82317,82359,83497,84069,87349,91265,91620,91835,92684,93871,94716,96304,96502,97013,98312,83591,63420,29375,81246,
Pass 96,10984,13579,15902,16490,18907,20931,20938,21639,23017,23450,23564,23984,24186,24571,27963,28417,28763,31342,32048,32845,34129,34197,35829,36284,36948,37049,38014,38510,38562,39275,40512,41235,44783,45162,45710,46590,47031,47120,47210,48920,49012,49175,49623,51092,51730,53124,55849,56347,56823,57493,58102,59034,59310,59813,59841,60584,61435,62197,62739,62983,63491,63825,67420,68425,69273,69713,70126,70213,72308,73196,74162,74310,75491,78013,78124,78520,79513,80015,80124,81456,81652,82317,82359,83497,83591,84069,87349,91265,91620,91835,92684,93871,94716,96304,96502,97013,98312,63420,29375,81246,
Pass 97,10984,13579,15902,16490,18907,20931,20938,21639,23017,23450,23564,23984,24186,24571,27963,28417,28763,31342,32048,32845,34129,34197,35829,36284,36948,37049,38014,38510,38562,39275,40512,41235,44783,45162,45710,46590,47031,47120,47210,48920,49012,49175,49623,51092,51730,53124,55849,56347,56823,57493,58102,59034,59310,59813,59841,60584,61435,62197,62739,62983,63420,63491,63825,67420,68425,69273,69713,70126,70213,72308,73196,74162,74310,75491,78013,78124,78520,79513,80015,80124,81456,81652,82317,82359,83497,83591,84069,87349,91265,91620,91835,92684,93871,94716,96304,96502,97013,98312,29375,81246,
Pass 98,10984,13579,15902,16490,18907,20931,20938,21639,23017,23450,23564,23984,24186,24571,27963,28417,28763,29375,31342,32048,32845,34129,34197,35829,36284,36948,37049,38014,38510,38562,39275,40512,41235,44783,45162,45710,46590,47031,47120,47210,48920,49012,49175,49623,51092,51730,53124,55849,56347,56823,57493,58102,59034,59310,59813,59841,60584,61435,62197,62739,62983,63420,63491,63825,67420,68425,69273,69713,70126,70213,72308,73196,74162,74310,75491,78013,78124,78520,79513,80015,80124,81456,81652,82317,82359,83497,83591,84069,87349,91265,91620,91835,92684,93871,94716,96304,96502,97013,98312,81246,
Pass 99,10984,13579,15902,16490,18907,20931,20938,21639,23017,23450,23564,23984,24186,24571,27963,28417,28763,29375,31342,32048,32845,34129,34197,35829,36284,36948,37049,38014,38510,38562,39275,40512,41235,44783,45162,45710,46590,47031,47120,47210,48920,49012,49175,49623,51092,51730,53124,55849,56347,56823,57493,58102,59034,59310,59813,59841,60584,61435,62197,62739,62983,63420,63491,63825,67420,68425,69273,69713,70126,70213,72308,73196,74162,74310,75491,78013,78124,78520,79513,80015,80124,81246,81456,81652,82317,82359,83497,83591,84069,87349,91265,91620,91835,92684,93871,94716,96304,96502,97013,98312,
